"word","frequency"
"","642"
"-","87"
")","1"
"[?]","4"
"]","1"
"—","5"
"1","3"
"1:","3"
"1]","140"
"10","1"
"100","2"
"101","1"
"102","1"
"103","1"
"104","1"
"105","1"
"106","1"
"107","1"
"108","1"
"109","1"
"11","1"
"110","1"
"111","1"
"112","1"
"113","1"
"114","1"
"115","1"
"116","1"
"117","1"
"118","1"
"119","1"
"12","1"
"120","1"
"121","1"
"122","1"
"123","1"
"124","1"
"125","1"
"126","1"
"127","1"
"128","1"
"129","1"
"13","2"
"130","1"
"131","1"
"132","1"
"133","1"
"134","1"
"135","1"
"136","1"
"137","1"
"138","1"
"139","1"
"14","1"
"140","1"
"15","1"
"16","1"
"17","1"
"18","1"
"19","1"
"1946","1"
"2","4"
"2:","2"
"2]","142"
"2]""","1"
"20","1"
"21","1"
"22","1"
"23","1"
"24","1"
"25","1"
"26","1"
"27","1"
"28","1"
"29","1"
"3","1"
"3:","1"
"3]","66"
"30","1"
"31","2"
"32","1"
"33","1"
"34","1"
"35","2"
"36","1"
"37","1"
"38","2"
"39","1"
"4]","20"
"40","1"
"41","1"
"42","2"
"43","1"
"44","1"
"45","1"
"46","1"
"47","1"
"48","2"
"49","1"
"5","1"
"5]","11"
"5]""","1"
"50","1"
"51","2"
"52","1"
"53","1"
"54","2"
"55","1"
"56","1"
"57","1"
"58","2"
"59","1"
"6","1"
"6]","6"
"60","1"
"61","1"
"62","1"
"63","1"
"64","2"
"65","1"
"66","1"
"67","1"
"68","2"
"69","2"
"7","1"
"7]","3"
"70","1"
"71","1"
"72","1"
"73","1"
"74","1"
"75","2"
"76","1"
"77","1"
"78","1"
"79","2"
"8","1"
"80","1"
"81","1"
"82","1"
"83","2"
"84","1"
"85","1"
"86","2"
"87","1"
"88","1"
"89","2"
"9","1"
"90","1"
"91","1"
"92","1"
"93","2"
"94","1"
"95","1"
"96","1"
"97","1"
"98","1"
"99","1"
"a","253"
"A","26"
"á","22"
"Á","5"
"aaawww","1"
"able","1"
"Aboard","1"
"about","10"
"About","3"
"above","7"
"a-broken","1"
"absence","1"
"abstract","1"
"accent","1"
"accept","3"
"Accept","1"
"accidents","1"
"accounts","1"
"accurate","2"
"ache","1"
"Across","4"
"að","12"
"Að","1"
"aðeins","2"
"Admiring","1"
"admit","2"
"adore","6"
"Adore","1"
"adventure","2"
"advice","1"
"advices","1"
"advises","2"
"æ","4"
"aen","1"
"aeroplane","3"
"ævintýralanið","2"
"af","5"
"afar","1"
"affairs","1"
"áfram","3"
"after","5"
"After","3"
"afterwards","1"
"aftur","2"
"again","14"
"against","4"
"ago","1"
"agree","1"
"ah","1"
"AH","1"
"Aheeeeee","1"
"Ahh","1"
"Ahh-ahh","3"
"ahhh","1"
"Ahhh","1"
"Ahhhahhhhhhahhhhhahhhhhh","1"
"Ahh-uhh","3"
"aiming","2"
"ain't","3"
"air","7"
"Air","1"
"alae","1"
"alarm-call","1"
"aldrei","2"
"aleeeyha","1"
"álf","2"
"álfa","1"
"Alive","1"
"all","109"
"all""","2"
"all)","8"
"All","40"
"allan","2"
"allow","1"
"allowed","1"
"allri","1"
"(Allt","8"
"almost","2"
"alone","11"
"alone!","1"
"Alone","1"
"already","2"
"also","3"
"alt","3"
"""Alt","1"
"Alta","10"
"altar","1"
"Although","1"
"alveg","1"
"always","33"
"Always","2"
"am","28"
"am""
)","1"
"Am","4"
"ám","1"
"amaze","1"
"amazes","3"
"amount","1"
"Amweee","1"
"an","22"
"An","6"
"anal","1"
"ancestors","1"
"anchor","2"
"ancient","1"
"and","113"
"And","163"
"(And","1"
"And[?]","1"
"anda","1"
"Andar","1"
"andlit","1"
"and'og","1"
"Anerwa(oll","1"
"angle","1"
"angry","6"
"animal","1"
"ankles","2"
"another","5"
"another's","2"
"Antarctic","1"
"Antony","10"
"Anymore","2"
"anyone","1"
"anything","1"
"Anything","1"
"Anyway","1"
"aphrodisiac","1"
"appears","1"
"approach","1"
"Arabadreng","1"
"Arabian","1"
"are","73"
"are""","1"
"Are","1"
"árin","1"
"Arisen","3"
"arm","1"
"arms","4"
"army","10"
"around","20"
"around""","1"
"Around","1"
"Arousal","1"
"arrested","2"
"arrive","1"
"as","32"
"As","4"
"ashore","1"
"ask","5"
"Ask","1"
"asked","1"
"asking","3"
"Asking","1"
"asleep","9"
"Assembling","1"
"assigned","1"
"assist","2"
"ást","1"
"ástin","1"
"astound","2"
"astray","2"
"at","42"
"\""Atlantic\""","1"
"atmosphere","1"
"Attaches","1"
"attends","1"
"attracted","1"
"Attracts","1"
"aug'ans","1"
"augu","2"
"Augu","1"
"augum","2"
"Augum","1"
"augun","1"
"Auk","1"
"Auknan","1"
"Aurora","5"
"avbove","1"
"Avoided","1"
"awaaa","1"
"Awaaa","1"
"awake","3"
"Awaken","2"
"awakens","1"
"away","13"
"away!","2"
"Awknan","1"
"awkward","1"
"Aww","1"
"baby","1"
"Baby","3"
"back","18"
"back!","1"
"bad","1"
"bað","1"
"baðar","1"
"badoop","8"
"(badoop","4"
"badoop)","4"
"bænina","1"
"bænir","1"
"bænirnar","1"
"Bærinn","2"
"bake","1"
"baked","2"
"baker","1"
"bakery","1"
"bál","1"
"ball","7"
"bam","4"
"bam!","3"
"bang","3"
"bank","1"
"bark","1"
"bathes","1"
"batteries","2"
"bay","3"
"be","102"
"Be","4"
"beak","1"
"beam","4"
"beams","1"
"bean","1"
"beard","3"
"beast","3"
"Beastiality","1"
"beautiful","10"
"beautifullest","2"
"beauty","13"
"because","1"
"beckon","1"
"become","2"
"bed","4"
"been","12"
"before","11"
"Before","7"
"behalf","1"
"behavior","11"
"behaviour","4"
"behind","1"
"Behind","1"
"believe","2"
"believes","10"
"bell","1"
"belong","1"
"beloved","1"
"benda","2"
"beneath","1"
"ber","2"
"bér","1"
"best","6"
"better","7"
"better""","1"
"between","2"
"Between","2"
"beyond","4"
"Beyond","1"
"bið","1"
"Bidd'ann","1"
"big","6"
"Big","3"
"biggest","2"
"bíl","2"
"Bim","1"
"bird","2"
"Bird","1"
"Birds","1"
"bird-songs","1"
"birtan)","1"
"Birtan","1"
"bit","4"
"bítur","4"
"Bjarga","1"
"Björk","9"
"[Björk]","1"
"Björk]","12"
"björt","1"
"blá","1"
"black","8"
"Black","1"
"blade","1"
"blám","1"
"blanket","2"
"blanket[?]","1"
"blankets","1"
"bleeding","1"
"bless","2"
"Blessað","1"
"blessi","1"
"blessið","1"
"blessing?","1"
"blindfolds","1"
"blink","1"
"blisses?","1"
"blissing","1"
"blóm","1"
"blood","5"
"Blood","1"
"blooming","1"
"blossom","1"
"blow","7"
"blue","1"
"Blueberries","1"
"blueprint","1"
"boat","1"
"[Boat","1"
"boats","1"
"bodies","1"
"body","13"
"bomber","1"
"bönd","1"
"bondage","1"
"böndin","1"
"bonds","1"
"bone","1"
"Bone","1"
"bones","4"
"boom","6"
"bored","2"
"borg","1"
"boring","1"
"born","1"
"Born","1"
"bosom?","1"
"bosoms","1"
"both","3"
"bottles","1"
"bottom","2"
"bought","1"
"boy","20"
"boy""","1"
"brá","1"
"branch","2"
"branches","6"
"brand","2"
"Brand","1"
"brann","1"
"brave","1"
"Bravely","1"
"bread","1"
"break","3"
"Break","3"
"Break]","1"
"breath","4"
"breath?","1"
"breathe","1"
"breathing","1"
"breeze","1"
"bregða","1"
"brekkurót","1"
"[Bridge]","11"
"Bridging","1"
"brighter","1"
"brightness","1"
"brim","1"
"bring","2"
"brings","3"
"brjóttú","1"
"broke","2"
"broken","3"
"Brooklyn","1"
"Brosa","1"
"brosið","1"
"brostið","1"
"Brrbrbrbbbrbrehheee","1"
"bryggjunni","1"
"bú","1"
"bubble","2"
"buddhist","1"
"build","2"
"Build","1"
"building's","1"
"Búkolla","4"
"bulging","1"
"bump","1"
"Bump","2"
"bundle","1"
"burden","1"
"burned","2"
"burning","2"
"Burning","1"
"burns","1"
"burst","5"
"burt","1"
"bushes""","1"
"but","3"
"But","49"
"buttocks","1"
"by","28"
"By","6"
"byggja","1"
"cabin","1"
"Cabin","1"
"Cairo","1"
"called","3"
"calling","1"
"calls","1"
"calm","5"
"Calm","1"
"came","2"
"can","40"
"Can","5"
"(Can","2"
"cannot","1"
"canoneerers","1"
"cant","3"
"can't","13"
"can’t","13"
"Can't","4"
"Capacity","1"
"capture","1"
"car","5"
"care","40"
"care""","1"
"Care","4"
"cared","1"
"careful","2"
"carefully","3"
"carefully:","2"
"cares","1"
"Caress","1"
"caresses","1"
"caressing","1"
"Carnage","1"
"Carnage!","2"
"carried","1"
"carrier","1"
"carries","2"
"Carry","2"
"carrying","1"
"cars","1"
"carten","1"
"carved","3"
"Cash","1"
"cast","4"
"catch","19"
"Catherine","1"
"'cause","10"
"Cause","6"
"caves","1"
"caving","1"
"celebrate","2"
"celebrate)","1"
"celebrating","1"
"cell","1"
"cells","3"
"centipedes","1"
"centuries","1"
"century","1"
"Cetacean","1"
"chain","1"
"chains","1"
"charm","6"
"charm""","1"
"charms","1"
"chasteness","1"
"chest","3"
"childhood","2"
"children","3"
"Children","1"
"China?","1"
"choir","1"
"Chorus","2"
"[Chorus","100"
"[Chorus:","4"
"[Chorus]","96"
"[Chorus]""","2"
"
""[Chorus","1"
"
""[Chorus]","4"
"chose","1"
"chosen","1"
"cinders","1"
"city","3"
"clack!","3"
"claim","1"
"clang","3"
"Clatter","3"
"clatter-machine","2"
"clatter-machines","2"
"claustrophobic","1"
"claustrophobic?","1"
"clean","1"
"Clean","3"
"clearly:","1"
"clementine","2"
"cliff","2"
"Cliffhanger","1"
"cliffs","1"
"Clinging","1"
"clock","7"
"clogged","1"
"close","4"
"closed","2"
"closeness","1"
"clothes","2"
"cloud","1"
"clubs","1"
"clumsily","1"
"clutch","1"
"Cobwebs","1"
"cocoon","1"
"code","2"
"coding","1"
"coily","1"
"Coincidence","1"
"cold","3"
"collar","2"
"collects","2"
"colonists","1"
"coloured","1"
"come","20"
"Come","5"
"comes","6"
"comfort","3"
"Comfort","1"
"coming","5"
"commitment","3"
"community","1"
"Compares","1"
"compass","1"
"complain","8"
"complete","3"
"complete?","1"
"Complete""","1"
"compress","1"
"compromise","6"
"condition","1"
"confess","1"
"confront","1"
"Confuse","1"
"confused","1"
"confusing","1"
"Conscience\""]","2"
"consensual","1"
"conspires","4"
"constellation","1"
"continents","1"
"controls","1"
"cooling","1"
"copy","1"
"cord","1"
"core","4"
"corpses","1"
"corridor","1"
"could","14"
"could've","1"
"count","2"
"country","1"
"courage","6"
"Cover","4"
"covers","1"
"cow","4"
"cowards","2"
"cows","1"
"crack","5"
"crack)","1"
"cradle","10"
"cradles","1"
"crash","5"
"craving","2"
"crawl","1"
"crawled","1"
"Crawling","2"
"crawls","1"
"creature","1"
"creatures","4"
"cree","1"
"cried","1"
"crime","2"
"Crooked","1"
"cross","2"
"Crosses","1"
"crossfade","1"
"crouched","1"
"crowd","1"
"crowed","1"
"crown?","4"
"cry","1"
"crying","2"
"Crying","12"
"cuddle?","1"
"cult","1"
"Curing","1"
"curious","1"
"curiously","1"
"curl","1"
"Curling","1"
"currency!","1"
"currents","3"
"curse","1"
"curve","1"
"curved","3"
"curves","1"
"customs","1"
"cut","2"
"cutlery","1"
"cuts","4"
"Cvalda","2"
"Cvalda's","1"
"c(""[Verse","1"
"Dabbling","1"
"daddy","2"
"dag","4"
"Dag","1"
"daginn","1"
"Daginn","1"
"dagur","1"
"Dagurrin","1"
"Damn","1"
"dance","3"
"dance!","1"
"dancer","1"
"dancers","2"
"dancing","2"
"dangerous","1"
"dansa","1"
"dare","11"
"daring","1"
"dark","6"
"darkest","2"
"darkness","1"
"darling","1"
"Darling","2"
"dash","1"
"date!","1"
"dátt","1"
"daughter","3"
"daughters","1"
"day","43"
"day""","1"
"Day","2"
"days","1"
"dead","7"
"deal","2"
"dear","8"
"Dear","1"
"Dearest","1"
"death","1"
"deathbeds","1"
"decide","1"
"Declare","12"
"deep","4"
"deepest","1"
"defend","2"
"defines","2"
"definitely","10"
"Delays","1"
"delivers","2"
"demands","1"
"Deneuve]","1"
"denied","1"
"denounce","5"
"Denounce","1"
"denying","1"
"desire","10"
"Desire""","1"
"desired","1"
"destiny","1"
"Destroy","1"
"devil","5"
"dice","2"
"did","2"
"Did","4"
"didn't","10"
"Didn't","1"
"die","1"
"dies","1"
"different","4"
"differs?","1"
"dig","1"
"Dig","1"
"dignity","2"
"dinosaurs","1"
"directions","2"
"directly","1"
"disabled","1"
"disasters","1"
"discipliner","1"
"distant","1"
"distortion","1"
"dive","3"
"dived","1"
"divine","1"
"divorces","1"
"djúp","1"
"djúps","1"
"DNA","2"
"do","35"
"Do","9"
"docks","1"
"document","1"
"does","4"
"doesn't","20"
"doing","1"
"dome","1"
"Domestically","1"
"done","2"
"don't","19"
"Don't","20"
"door","1"
"doors","1"
"dot","1"
"doubt","5"
"down","17"
"down?","4"
"Down","6"
"downcast","8"
"Downcast","1"
"downturned","2"
"dozen","1"
"draining","1"
"draum","1"
"draw","1"
"dream","11"
"dreaming","1"
"dreams","2"
"dreamt","1"
"dreng","1"
"drenginn","1"
"Drengurrin","4"
"dressed","1"
"dresses","1"
"drew","1"
"Drew","2"
"dreymir","1"
"Drink","1"
"driving","1"
"dromedary","3"
"drop","2"
"drown","1"
"drug","1"
"drunk","1"
"du","3"
"ducked","1"
"duct","1"
"dull","13"
"Dull","2"
"during","2"
"During","3"
"dust","1"
"duu","2"
"duuu","1"
"duuuuuuu","2"
"duuuuuuuu","1"
"duuuuuuuuu","1"
"dying","1"
"dýr","4"
"dýrðlega","1"
"e","1"
"each","4"
"Each","3"
"early","2"
"earned","1"
"earth","20"
"easier","3"
"easily","3"
"echo","3"
"ecstatic","2"
"Eða","1"
"edge","2"
"EEEE","3"
"EEEeeee","1"
"EeeEEEEEEEEEEEeeeeeee","1"
"EEEEEEEEEEEEEEEEEEEEEEEEeeeeeeEE","1"
"EEEEEEEEEEEEEEEEEEEEEEEEEEEEEEEEEEEE","1"
"EEEEEEEEEEEEEEEEeeeeEEEEEEEEEEEEEEEEEEEEEEEEEEEEEEEEEEEEEE","1"
"effelturna","1"
"effort","1"
"eftir","8"
"ég","22"
"Ég","21"
"ei","2"
"Eiffel","1"
"einhverju","1"
"einn","5"
"einnig","3"
"eins","3"
"Einsamall","1"
"einu","1"
"Eirðarlaus","1"
"eitt","3"
"Eitt","1"
"eitthvað","1"
"ekki","4"
"Ekki","1"
"Ekur","1"
"elastic","5"
"Electric","1"
"elements","2"
"elephants","1"
"elevates","1"
"else","1"
"elsewhere","3"
"elska","9"
"elskandi","1"
"elves","1"
"Em-","1"
"Embarrassed","1"
"embrace","6"
"Embrace","7"
"embraced","2"
"embraces","2"
"Embraces","2"
"embracing","4"
"emergency","11"
"emergency""","1"
"Emergency","1"
"emerging","1"
"emotional","2"
"Emotional","3"
"emotions","1"
"empathy","1"
"Empire","1"
"en","4"
"end","1"
"End","1"
"ending?","1"
"endless","1"
"endure","1"
"Energy","1"
"engan","2"
"Engin","4"
"Enginn","6"
"""English","1"
"[English","1"
"[English:","7"
"English][Vísa","2"
"enjoy","6"
"enjoy)","1"
"Enjoy","8"
"Enjoy""","1"
"enjoyed","2"
"enjoys","1"
"enlightenment","1"
"ennið","1"
"enough","7"
"enter","1"
"entered","3"
"entrancer!","1"
"entrances","1"
"entrypoint","1"
"er","17"
"Er","6"
"Eran","1"
"erect","1"
"erotically","3"
"err","1"
"ert","1"
"eru","2"
"Eru","2"
"eruption","1"
"eruptions","1"
"(esk","1"
"essence","1"
"eternal","3"
"Eternal","1"
"eternally","1"
"even","1"
"evening","1"
"evenly","1"
"ever","5"
"Ever","1"
"every","8"
"Every","5"
"everyone","2"
"everything","1"
"Everytime","3"
"everywhere","3"
"evils:","2"
"evils?","3"
"excess","1"
"exchange","1"
"excites","1"
"exciting","1"
"excuse","2"
"Excuse","1"
"exhausted","3"
"existed","2"
"exists","1"
"exists""","1"
"expected","1"
"explain","1"
"Explode","2"
"explore","1"
"exploring","1"
"External","1"
"Extract","1"
"extremely","2"
"eye","3"
"eyed","1"
"eyes","19"
"fa","1"
"face","6"
"færð","4"
"færðú","1"
"færir","1"
"fagan","4"
"fagran","1"
"fái","1"
"failures","1"
"faint","1"
"fair","1"
"faith","2"
"fake","1"
"falinn","1"
"fall","8"
"fall!","1"
"fall""","1"
"fallega","1"
"falling","4"
"Falling","1"
"Fallon]","1"
"Falls?","1"
"families","1"
"family","3"
"Fanta","1"
"fantasy","1"
"far","4"
"Far","2"
"fara","3"
"Farce","1"
"farðu","1"
"farewell","1"
"fast","5"
"Faster","1"
"fate","1"
"father","3"
"fathers","3"
"fathom","2"
"faults","2"
"faults""","1"
"fauna","1"
"favourite","2"
"fear","6"
"Fear","2"
"Fearless","2"
"fears","1"
"features","1"
"Features","4"
"feeding","1"
"feeds","3"
"feel","26"
"Feel","3"
"feeling","2"
"feelings","1"
"feels","2"
"feet","4"
"fegurð","1"
"fel","1"
"fell","1"
"Fellur","1"
"felt","1"
"fer","4"
"ferðast","1"
"Fertile","1"
"field","2"
"fight","4"
"figure","1"
"Figure","1"
"fill","4"
"Fill","1"
"filled","1"
"Fills","1"
"finally","3"
"Finally","1"
"find","14"
"finds","1"
"fingers","8"
"Fingurna","1"
"finnur","1"
"fire","7"
"fired","4"
"fireheart","1"
"Fireworks","1"
"first","5"
"First","1"
"fit","1"
"five","4"
"fixed","1"
"fjaðrir","1"
"fjall","1"
"Fjallabak","1"
"Fjállabak","1"
"fjórða","1"
"fjötra","1"
"flaa","1"
"flag","9"
"flag!""","1"
"flame","18"
"flashing","4"
"fleeing","1"
"flenses","1"
"flesh","5"
"flesh""","1"
"flexible","1"
"flirt","1"
"fljótt","1"
"fljúga","1"
"Fljúgðú","1"
"floating","2"
"Flock","2"
"floor","1"
"floral","1"
"flótta","1"
"flourish","1"
"flow","5"
"flowers","1"
"flowery","1"
"Flowing","2"
"flows","1"
"flute","1"
"fly","2"
"focus","1"
"Foetus-style","1"
"fog!","1"
"follow","5"
"Follow","1"
"follows","1"
"food","1"
"fool","2"
"Fool","1"
"for","103"
"for?","2"
"For","17"
"fór","2"
"forces","1"
"forehead","1"
"foreign","1"
"forest","3"
"forever","2"
"forever""","1"
"forges","1"
"forget","3"
"forgive","1"
"Forgive","2"
"forgiveness","2"
"forgot","1"
"form","5"
"formed","1"
"fórna","1"
"fort","3"
"fortress","1"
"fórum","2"
"forward","1"
"fossanið","1"
"fossil","1"
"fostered","1"
"fötunim","1"
"Fought","1"
"found","3"
"fountain","1"
"four","2"
"frá","3"
"Frá","1"
"fragilest","1"
"framandi","1"
"frawww","1"
"free","2"
"free)","1"
"Free","3"
"freedom","1"
"Freedom","1"
"freeing","1"
"fresh","1"
"fríða","1"
"friend","3"
"frighten","1"
"from","32"
"From","14"
"frú","1"
"fucked","1"
"fucking","2"
"fuckups","2"
"fuel","1"
"fuels","1"
"Fuglar","1"
"fulfilling","1"
"fulfills","1"
"full","24"
"fun","1"
"funerals","1"
"Furiocity!","1"
"further","2"
"Further","1"
"furthest","1"
"fuse","3"
"Fúsi","20"
"future","5"
"Fylgir","4"
"fylgist","1"
"fylltist","1"
"fyr'h","3"
"Fyrigefðu","1"
"fyrir","5"
"Fyrir","3"
"fyrsti","1"
"gafst","1"
"gaman","1"
"Game","1"
"gamlan","1"
"gamli","1"
"gap","1"
"gardener","1"
"gate","2"
"gave","10"
"gazing","1"
"gears""","1"
"Gee","1"
"GEEEEEheeheeeeEEEEEEEEEEEEE","1"
"gefðú","2"
"Gefðú","3"
"geim","1"
"Geir","6"
"General","1"
"generous","3"
"Generous","1"
"generously","1"
"gengum","1"
"Genius","1"
"gentle","3"
"gerði","1"
"gerðist","1"
"gesture","1"
"get","32"
"Get","2"
"
""Get","1"
"gets","2"
"getting","2"
"Geymir","1"
"ghettoblaster","1"
"ghost","1"
"ghost-like","1"
"ghosts","1"
"giant","1"
"giantesses","1"
"gibberish","1"
"[gibberish]","1"
"Gibberish","1"
"""[Gibberish]""","1"
"[Gibberish]","1"
"
""(Gibberish)""","1"
"
""[Gibberish]""","2"
"gír","1"
"girl","11"
"give","12"
"give?","1"
"give""","1"
"Give","7"
"given","6"
"gives","23"
"giving","2"
"Giving","3"
"gjafir","1"
"gjöfum","1"
"glacier","2"
"glacier[?]","1"
"glance","4"
"glasses","1"
"gleði","1"
"gleymdi","1"
"Gleymdi","1"
"glorious","1"
"glove","2"
"Glow","1"
"Glowed","1"
"glowing","4"
"go","26"
"Go","2"
"God","7"
"góð","4"
"góðan","1"
"Goddess","2"
"Góði","1"
"goes","4"
"going","25"
"gól","1"
"gone","2"
"gonna","11"
"good","15"
"Good","3"
"goodness","2"
"goods","1"
"Googling","1"
"\""gorge\""","1"
"gorgeous","1"
"Gorgeousness","1"
"got","6"
"Got","2"
"grace","1"
"gracefully","1"
"græt","1"
"grandfather","1"
"grandson's","1"
"Grasið","2"
"grasp","2"
"graves!","1"
"great","3"
"Great","1"
"greater","4"
"greatly","2"
"greed","1"
"green","2"
"greet","2"
"grew","1"
"Grimmum","1"
"grin","2"
"grinder","1"
"Grinding","1"
"ground","4"
"Ground","1"
"growing""","1"
"grown","2"
"grows","2"
"Guð","6"
"guests","5"
"Guide","1"
"guided","1"
"guitars","1"
"gushes","1"
"guy","3"
"ha","1"
"habit","1"
"habitants","1"
"habits","1"
"had","8"
"hæ","8"
"Hæ","1"
"haen","3"
"haen(haaa","1"
"hætta","1"
"hafi","1"
"hair","7"
"hair?","1"
"hala","3"
"halda","1"
"half","2"
"Half","1"
"Halfway","1"
"halo","1"
"hálsin","1"
"han","2"
"Han","3"
"hand","8"
"HandEEEEEEEEy","1"
"handing","8"
"Handing","6"
"handle","13"
"hands","8"
"handshake","1"
"handsomest","1"
"hann","36"
"Hann","19"
"hannin","1"
"hans","4"
"happen","8"
"happen?","1"
"happened","6"
"happens","2"
"happier","5"
"happiness","4"
"happy","16"
"hár","3"
"harbor","2"
"harbour","1"
"hard","5"
"hardcore","3"
"harden","1"
"hardened","1"
"harmony","1"
"harness","1"
"has","16"
"Has","1"
"hasn't","4"
"hate","2"
"hátt","2"
"háttar","1"
"have","67"
"Have","3"
"haven't","6"
"having","4"
"Hawks","1"
"hayyy(birtan)","1"
"he","36"
"He","43"
"head","6"
"Head","1"
"Heading","1"
"headphones","3"
"heads","2"
"heal","5"
"healed","1"
"heals","2"
"Heals","1"
"health","1"
"hear","5"
"Hear","1"
"heard","1"
"Hearing","1"
"heart","26"
"heart""","1"
"hearts","1"
"heart's","2"
"hearttale","1"
"heat","2"
"heaven","2"
"heavy","5"
"HeeeeheeeeeEEEeeee","1"
"hefur","1"
"Hegarty","2"
"Hegarty]","8"
"height","1"
"heim","2"
"heima","1"
"Heimsóttu","1"
"heimur","1"
"heitt","1"
"held","1"
"helgafellinu","1"
"hell","1"
"He'll","6"
"help","11"
"helplessly","1"
"hendurnar","1"
"Henh-yeah","2"
"her","39"
"Her","2"
"Hér","1"
"here","31"
"here!","1"
"here!\""","1"
"Here","4"
"Here's","4"
"Hermit","1"
"herself","3"
"he's","1"
"He's","12"
"hettu","1"
"hettuni","1"
"hey","8"
"Hey","1"
"heyrast","1"
"Hi","1"
"hibernating","1"
"hidden","18"
"hide","3"
"Hide","1"
"Hides","2"
"hiding","1"
"high","6"
"(higher","6"
"higher!)","6"
"highest","1"
"hill","2"
"hill[?]","1"
"Hill):","1"
"hills","1"
"him","61"
"him""","1"
"him)","10"
"him)""","1"
"himinfyrrð","1"
"himself","1"
"Hinn","1"
"his","29"
"His","7"
"Histemah","1"
"Histim","1"
"historic","1"
"hit","1"
"hitan","1"
"hitta","1"
"hitt'eina","1"
"hitti","2"
"hjá","2"
"hjálp","1"
"Hjúfrar","1"
"hlaðin","1"
"hlaupum","1"
"hlið","1"
"Hljóð","1"
"hljóðin","1"
"hljótt","3"
"Hljótt","1"
"hlusta","2"
"hlý","1"
"hlýju","1"
"hlýjunni","1"
"ho","2"
"hoarseness","1"
"höfn","1"
"höfuðið","1"
"hól","2"
"hól[?]","1"
"Hold","3"
"holding","2"
"holds","3"
"holiday","1"
"Holographic","3"
"home","9"
"home""","2"
"hönd","1"
"honest","2"
"honey","1"
"hood","2"
"hook","1"
"""[Hook","1"
"[Hook","2"
"[Hook]","2"
"hope","8"
"hoped","1"
"Hopeful","1"
"hopes","1"
"Horns","1"
"hospital","1"
"host","4"
"Host-like","1"
"hot","2"
"house","1"
"Hovering","1"
"how","7"
"How","33"
"\""How","1"
"
""How","1"
"How?","2"
"HoWWEEEEEEEEEE","4"
"HoWWEEEEEEEEEEeeeeeee","1"
"HowwwOOOOOOOOEEEEEEEEEEeeeeee","1"
"HowwwwWWWEEEEEEEEEEEEEEE","1"
"hrein","1"
"Hreindýr","6"
"Hug","1"
"huga","2"
"huganum","1"
"hugarins","1"
"huge","2"
"Huge","1"
"hugest","2"
"Hugest","1"
"hugs","1"
"hugsa","1"
"hugsaði","1"
"hugum","1"
"hugurinn","2"
"hullum","4"
"Hullum","4"
"húllum","4"
"Húllum","4"
"human","26"
"Human","14"
"Human""","1"
"humans","1"
"humble","8"
"humble""","1"
"húmi","1"
"humour","1"
"hún","1"
"Hún","2"
"Hungry","1"
"hunter","8"
"hunting","4"
"hurricane","1"
"hurt","2"
"hurting","5"
"hurting""","1"
"hurts","1"
"Hush","2"
"hut","1"
"hvað","6"
"hvað?","2"
"hvar","2"
"Hve","1"
"hver","1"
"hverfur","1"
"Hvílist","1"
"Hvislar","1"
"hvíta","1"
"hylur","1"
"Hypnotised","1"
"i","1"
"I","449"
"""I","1"
"(I","1"
"
""I","1"
"í","31"
"Í","4"
"ice","1"
"Iceland","1"
"""[Icelandic:","1"
"
""[Icelandic:","7"
"I'd","7"
"ida","1"
"Ideedeedoo","1"
"if","21"
"If","30"
"""If","1"
"ignites","1"
"ignore?","1"
"Ignore","1"
"I'll","26"
"I’ll","1"
"Im","5"
"I'm","87"
"I’m","2"
"imagination","1"
"imagine","3"
"Imagine","1"
"immature","4"
"immature?","2"
"immature""","1"
"immense?","1"
"immerse","1"
"immersed","1"
"impatient","1"
"important","3"
"impossible","2"
"impression","1"
"impulsively","1"
"in","154"
"In","29"
"included","1"
"incredible","1"
"independence","2"
"independence!","10"
"inferior","1"
"Infrared","1"
"inhale","2"
"inn","2"
"inní","1"
"Innocence","5"
"innocent","1"
"Innocent","1"
"inside","6"
"Inside","1"
"insists","1"
"inspired","1"
"instinct","1"
"""[Instrumental]""","4"
"[Instrumental","1"
"
""[Instrumental]","1"
"
""[Instrumental]""","7"
"intentional","1"
"intentions","3"
"interesting","1"
"interim","1"
"interior","2"
"[Interlude]","4"
"Internal","1"
"intimacies","1"
"intimate","1"
"into","33"
"Into","8"
"
""Into","1"
"
""[Intro:","1"
"
""[Intro]","5"
"intruders","14"
"intruder's","1"
"[Inuit","1"
"invents","1"
"invisible","1"
"involved","1"
"inwards","2"
"irresistible","1"
"irritating","1"
"is","181"
"Is","23"
"island","3"
"Íslandi","1"
"islands","1"
"isn't","1"
"Isn't","2"
"Isobel","6"
"it","165"
"it?","5"
"it""","2"
"It","54"
"(It","8"
"its","2"
"it's","8"
"Its","1"
"It's","55"
"It’s","4"
"Itself","1"
"I've","19"
"Já","3"
"j´aðar","1"
"join","1"
"joined","1"
"jörð","2"
"jörðina","6"
"jörðinni","1"
"joy","2"
"joyfully","1"
"joyous","2"
"juice","1"
"
""July","1"
"jump","2"
"Jump","1"
"Jupiter's","1"
"Júpiters","1"
"just","29"
"Just","12"
"(Just","1"
"
""Just","1"
"justice","1"
"(justice)","3"
"juvenile","3"
"juvenile""","1"
"kæri","1"
"kæri[?]","1"
"Kafkaesque","1"
"Kairo","1"
"kalda","1"
"Kama","1"
"(kan)","1"
"keen","10"
"keen?","4"
"keep","7"
"Keep","2"
"keeping","1"
"kelofe)","1"
"kem","2"
"Kem","1"
"kemur","4"
"Kemur","2"
"kend)""","1"
"(kenda","1"
"Kevineof","1"
"Kevinleofa","1"
"key","1"
"keyhole","1"
"kicks","7"
"kidneys","1"
"Kiff","1"
"kill","1"
"killed","1"
"killer","2"
"kills","1"
"kind","4"
"Kinda","1"
"kindly","1"
"kindness","2"
"kindu","1"
"kings","1"
"kinleof","1"
"kiss","10"
"kissing","1"
"kjáninn","1"
"kjánnin","1"
"Kjarninn","1"
"kjólfötum","1"
"klærðir","1"
"klukkan","4"
"klukkun'um","1"
"knéð","1"
"knee","1"
"kneel","1"
"knees","3"
"knew","1"
"knife","1"
"knocked","1"
"knots","1"
"know","65"
"Know","1"
"knowledge","1"
"known","7"
"known?","2"
"knows","4"
"kodda","2"
"kofanum","1"
"köld","1"
"Kólfunum","1"
"kölluð'ann","1"
"kom","3"
"komin","2"
"kór","1"
"krill","1"
"kring","1"
"Krossleggur","1"
"krýpur","1"
"krýsukross","1"
"kulda","1"
"kusa","2"
"kvaddi","1"
"kvak","1"
"kýr","2"
"kýrnar","1"
"kyrrð","1"
"Kyrrlátt","1"
"kyssi","2"
"kyss'og","1"
"la","2"
"laa","1"
"ladder","4"
"lae","2"
"Lækir","1"
"læknum","1"
"lag","1"
"lagði","3"
"lagið","1"
"lake","2"
"lalalalala-lala[?]","1"
"lalalalala-lala[?]""","1"
"lalika","1"
"land","3"
"landi","1"
"lands","2"
"lands""","1"
"landscapes","3"
"langt","2"
"Langt","1"
"language","1"
"lantern","1"
"laser","1"
"lashes","9"
"last","6"
"late","3"
"Lately","3"
"later","2"
"Later","1"
"laugh","1"
"laun","1"
"lava","1"
"lavafield","1"
"laws","1"
"lax","1"
"lay","1"
"layers","2"
"lazy","2"
"le","1"
"lead","2"
"leads","1"
"lean","2"
"Lean","1"
"leap","1"
"least","1"
"leave","6"
"Leave","3"
"leaves","1"
"leaving","2"
"led","1"
"leeee","1"
"left","10"
"legal","1"
"legend","1"
"legs","2"
"Legs","1"
"leið","1"
"leiðin","1"
"leikur","2"
"leita'að","1"
"lengra","2"
"Lengra","1"
"Lengst","1"
"leof","1"
"leprosy","1"
"less","1"
"lesser","5"
"lestarstoðinni","1"
"let","17"
"Let","5"
"let-go","3"
"lets","5"
"\""Let’s","1"
"Let's","16"
"leyndum","1"
"Leynt","1"
"leynum","1"
"Liberates","1"
"líða","1"
"liðinn","1"
"Liðinn","1"
"lie","1"
"lies","2"
"life","34"
"life?","19"
"life?""","1"
"life's","1"
"Lífi","1"
"lífið","1"
"lífsins","1"
"liggur","1"
"light","6"
"lighter","1"
"lightly","2"
"lightness","1"
"lightning","4"
"lights","3"
"lightyears","1"
"like","29"
"Like","22"
"lilies","8"
"Liljuhvít","1"
"lily","1"
"limbs","1"
"limits","1"
"limp","2"
"lind","1"
"line","27"
"Lined","1"
"lines","1"
"línum","1"
"Lioness","1"
"lip","3"
"lips","1"
"lipstick","1"
"listen","3"
"Listen","1"
"listening","1"
"Listening","1"
"lit","2"
"líta","1"
"literally","2"
"lítið","1"
"litla","2"
"Litla","1"
"litli","4"
"little","17"
"Little","1"
"littleness","1"
"live","7"
"live""","1"
"lives","3"
"Lives","1"
"living","2"
"Living","3"
"ljóð","1"
"ljúfi","1"
"ljúft","1"
"lo","2"
"Lo","2"
"Loaded","1"
"locked","1"
"locks","1"
"Locomotives","1"
"log","1"
"logic","3"
"Lokar","1"
"lönd","1"
"loneliness","1"
"long","2"
"(long","1"
"long)","1"
"longed","1"
"longevity","1"
"longing","2"
"longlegged","1"
"look","5"
"Look","3"
"Looking","3"
"loop","1"
"loose","4"
"lose","2"
"Losing","1"
"loss","3"
"Loss","3"
"lost","4"
"Lost","1"
"Lottery","1"
"love","117"
"love?","2"
"love?""","1"
"love""","3"
"Love","3"
"loved","1"
"loveless","1"
"lovely","1"
"lovely[?]","1"
"lover","1"
"loves","27"
"love's","4"
"Loves","2"
"Love's","1"
"loving","1"
"lower","3"
"lowered","4"
"luggage","1"
"Lull","1"
"lulled","2"
"Lulled","2"
"luminous","3"
"Luminous","1"
"lungs","2"
"lured","1"
"lust","1"
"Lust","1"
"lying","2"
"Lying","1"
"lynx","1"
"lystu","1"
"ma","1"
"má","2"
"MacArthur","1"
"made","7"
"mæri","1"
"magic","2"
"magical","4"
"magnetizes","1"
"make","32"
"Make","5"
"makes","5"
"Makes","2"
"man","13"
"manage","1"
"Manages","1"
"mann","1"
"mannanna","1"
"many","3"
"map","3"
"marching","1"
"Marching","5"
"marine","1"
"Mark","1"
"marks","1"
"Married","3"
"marry?","1"
"Mars","2"
"marvellous","1"
"master","1"
"mastery","1"
"matched","1"
"matinn","1"
"matriarchal","1"
"matrix","1"
"máttarstólpi","1"
"mátti","1"
"may","3"
"maybe","22"
"maybe""","1"
"maybe)","2"
"Maybe","2"
"mayy","1"
"me","242"
"me!","2"
"me?","3"
"me""","4"
"me)","1"
"me)""","1"
"Me","1"
"ME","1"
"means","2"
"meant","21"
"með","13"
"með""","1"
"Með","1"
"Medicate","1"
"meet","10"
"Meh","3"
"meir","1"
"melodies","1"
"melt","1"
"melts","1"
"memory","8"
"men","1"
"(mephagan","1"
"mer","1"
"mér","20"
"Mercury","1"
"merge","3"
"merkjum","1"
"Merkúkry","1"
"mess","1"
"message","2"
"met","5"
"Metallic!","1"
"mig","11"
"Mig","1"
"might","2"
"million","1"
"mime","1"
"min","2"
"mín","6"
"mín""","1"
"Mín","1"
"mind","10"
"minds","2"
"mine","5"
"minn","3"
"minna","1"
"mínum","3"
"minutes","2"
"Mira","10"
"Miraculous","1"
"mirror","2"
"Miserly","1"
"miss","5"
"missing","4"
"mission","1"
"missions","1"
"mist!","1"
"mistake","1"
"mistakes","1"
"mitt","2"
"mixtape","2"
"mjöll","1"
"mode","1"
"modern","3"
"modest","1"
"mold","1"
"molecules","1"
"molten","1"
"moment","5"
"momentary","1"
"moments","3"
"Moments","1"
"mömmu","1"
"mommy","1"
"Mon","1"
"months","1"
"moody","1"
"moon","3"
"Moratorium","1"
"Morbid","1"
"more","68"
"more?","2"
"More","1"
"morning","4"
"Morse","1"
"moss","1"
"most","5"
"Mostly","2"
"Moth","2"
"mother","7"
"mountain","7"
"mountain!","1"
"mountains","1"
"mourning","1"
"mouth","8"
"mouth's","10"
"move","5"
"Move","1"
"movement","1"
"movements","2"
"MP3s","1"
"much","7"
"much?","2"
"Mud","1"
"Muddy","6"
"multiply","1"
"mun","3"
"mundane","3"
"muntu","1"
"Murmurs","1"
"muscles","2"
"music","3"
"music!","1"
"Music","2"
"musical","5"
"musical!","2"
"must","1"
"mustn't","1"
"my","148"
"My","48"
"myndum","1"
"myself","14"
"mysteries","1"
"mystery","2"
"mystical","1"
"myths","1"
"Næturlestinni","1"
"nailed","1"
"naked","1"
"nálægð","1"
"name","5"
"na-na","15"
"na-na""","1"
"Na-na-na","16"
"Narcissistic""","1"
"narrate","1"
"nátt","1"
"náttföt","1"
"Náttfötin","1"
"nature","4"
"Nature","3"
"nature's","1"
"Náunginn","1"
"near","2"
"Necessary","3"
"neck","1"
"necks","1"
"need","13"
"needed","1"
"needle","1"
"needy","2"
"neglð'ann","1"
"neon","1"
"Neptune","1"
"Neptunus","1"
"nerds","1"
"nerve","1"
"nerves","2"
"nest","1"
"nestle","1"
"nests","1"
"network","1"
"Neurosis","1"
"never","36"
"new","14"
"next","2"
"next?","2"
"Niagara","1"
"nice","2"
"nicely","1"
"nick","1"
"niðr'að","2"
"niðri","1"
"night","9"
"nightgown","2"
"nights","2"
"níl","2"
"Nílarbökkum","1"
"Nile","2"
"Nile's","1"
"nimble","1"
"nine","1"
"no","30"
"No","10"
"noble","1"
"Nobody","1"
"noises","3"
"noises*","1"
"none","1"
"None","1"
"[Non-lyircal","1"
"[Non-lyrical","1"
"no-one","2"
"normal","1"
"nose","1"
"not","57"
"not?","1"
"Not","5"
"notes","1"
"nothing","4"
"Nothing","1"
"notice","1"
"Notice","1"
"nótt","3"
"nourish","1"
"Nourish","1"
"now","22"
"now!","3"
"Now","13"
"now![4x]""","1"
"nowhere?","1"
"now![x2]","1"
"now[x2]","1"
"nú","7"
"nú!","1"
"Nú","2"
"nudda","1"
"nurse","2"
"nurture","1"
"nuts","1"
"ó","1"
"Oaaahh!!!""","1"
"oasis","1"
"obey","1"
"obsessing","1"
"obvious","2"
"occidental","3"
"ocean","5"
"Ocean\""]","1"
"Oceania","1"
"ocean's","1"
"Ódáðahraun","2"
"odd?","1"
"of","192"
"Of","14"
"ofan","2"
"off","15"
"off!","1"
"Off","1"
"offer","7"
"offers","2"
"off[x3]","1"
"oft","1"
"often","2"
"og","35"
"Og","16"
"oh","11"
"Oh","22"
"óh","3"
"Ohhhhh!","13"
"Ohrwaaa","1"
"OhTUUUUekeah","1"
"Ohwaa","1"
"oil","2"
"old","6"
"older","1"
"Oliver","9"
"Óliver","9"
"Oll","1"
"öll","1"
"on","70"
"On","14"
"once","13"
"Once","7"
"ónd","1"
"one","37"
"One","28"
"ones","1"
"one’s","1"
"only","11"
"Only","11"
"ooh","1"
"ooh-ooh","4"
"Oooooh!","8"
"open","6"
"open?","1"
"Open","1"
"opened","2"
"or","24"
"Or","12"
"Oral","1"
"orchids","2"
"organise","1"
"orifices","3"
"orifices""","1"
"origin","7"
"örmum","1"
"ornaments","4"
"orphans","1"
"osamas","1"
"other","5"
"others","1"
"others'","1"
"Ottalaus","1"
"Ottast","1"
"our","21"
"Our","4"
"ours","1"
"out","34"
"Out","1"
"outro]""","1"
"[Outro","1"
"[Outro:","1"
"[Outro]","29"
"[Outro]""","1"
"outside","1"
"oval","1"
"over","32"
"over""","1"
"Over","1"
"overcome","1"
"Overcome","1"
"Overemotional","1"
"overmuch","1"
"ow","3"
"owah","4"
"Owah","1"
"own","18"
"owowowowowowowahhhh","1"
"OwwOOOOOOEEEEEEiOiOEEEE","1"
"oxygen","1"
"pabba","2"
"packages","1"
"packed","1"
"pagan","2"
"Pagan","2"
"pain","5"
"palm","1"
"palms","4"
"palmstroke:","1"
"parachuters","2"
"paradigm","1"
"paralyzing","1"
"paratroopers","1"
"parrot","1"
"part","4"
"parts","2"
"party","1"
"pass","1"
"passed","2"
"passion","1"
"Passionate","1"
"passions","4"
"past","2"
"path","1"
"pathway","1"
"pathways","1"
"patiently","2"
"patriarchy","1"
"patronizing","1"
"pattern","4"
"pattern?","1"
"pattern?)","1"
"pattern?)""","1"
"paws","1"
"peaceful","2"
"Peacefully","1"
"peak","1"
"peaking","1"
"pearl","1"
"pearls","1"
"peculiar?","1"
"Pedalling","1"
"peel","2"
"people","8"
"peoples'","1"
"perfect","1"
"perhaps","2"
"Perhaps","1"
"perlur","1"
"permission","1"
"Peru!","1"
"petit","1"
"Pg","1"
"phone","3"
"physical","1"
"physicality","2"
"pictures","1"
"Piled","1"
"pillow","2"
"pin","1"
"pinch","1"
"pipe","1"
"pit","2"
"pitch-dark","1"
"pith","1"
"place","17"
"place""","1"
"placed","2"
"places","3"
"places""","1"
"plate:","3"
"play","10"
"playing","1"
"plays","3"
"pleasant","1"
"please","1"
"please!","1"
"Please","3"
"pleasure","4"
"plenty","1"
"Pluto","2"
"poetry","4"
"point","3"
"Possessed","1"
"possible","1"
"possibly","3"
"Possibly","23"
"(Possibly","2"
"(Possibly)","2"
"[Post-Chorus","12"
"[Post-Chorus]","2"
"pour","2"
"Pour","1"
"poured","1"
"pouring","1"
"power","1"
"powerful","1"
"prayed","1"
"prayer","1"
"prayers","1"
"prayers""","1"
"praying","1"
"[Pre-Chorus","23"
"[Pre-Chorus]","19"
"precious","1"
"precisely","1"
"pregnant","1"
"prehistoric","1"
"presence","1"
"presents","1"
"pressure","3"
"Pressure""","1"
"prints","1"
"prisms","1"
"privacy","2"
"private","2"
"probably","1"
"Probably","7"
"promised","1"
"protect","2"
"Protect","2"
"protecting","1"
"protection","1"
"proud","1"
"Proud","1"
"prove","2"
"proven","1"
"provocation","1"
"prúði","1"
"pulled","1"
"pulsate","1"
"(pulsate)","1"
"pulsating","1"
"pulse","1"
"pure","4"
"purify","4"
"Purify","1"
"purity","1"
"purse","1"
"push","5"
"pushing","1"
"put","9"
"puzzle","3"
"pyramids","1"
"pýramýda","1"
"Que","1"
"queen","1"
"quickly","2"
"quiet","6"
"quiver","1"
"race","4"
"Racket","3"
"ráð","4"
"raddir","1"
"radio","2"
"ragged","1"
"railway","1"
"raise","5"
"Raise","7"
"Raises","1"
"rakna","1"
"rambling","1"
"rasa","2"
"Rattle","3"
"raw","1"
"rawward","1"
"razor","1"
"reaches","1"
"reacted","3"
"ready","5"
"real","1"
"real?","1"
"Real","1"
"really","13"
"rearchive","1"
"receive","2"
"receiving","1"
"Recently","1"
"recognize","2"
"record","1"
"Recover","1"
"recurrent","4"
"red","1"
"redeem","2"
"reflects","1"
"[Refrain","20"
"[Refrain]","2"
"refugees","1"
"Refuse","1"
"reikna","1"
"Reindeer","6"
"rejection","1"
"relation","1"
"release","3"
"Relentless","1"
"relentlessly","6"
"Relentlessly","1"
"remember","2"
"remembrance","1"
"remind","1"
"reminds","1"
"removed","1"
"repair","1"
"repeat","1"
"Repeatedly","1"
"(Repeatedly)","3"
"repeating","1"
"replace","2"
"rescue-squad","1"
"reserve","1"
"resistance","2"
"resonance","1"
"rest","1"
"restless","1"
"Restless","4"
"restlessness","1"
"Restoring","1"
"Rétt","1"
"return","9"
"returning""","1"
"reunite","1"
"review","1"
"reward","4"
"rhythm","2"
"rhythms","1"
"ribbon","1"
"ribbons","2"
"riddle","3"
"Rides","1"
"ridiculed","1"
"right","8"
"right?","7"
"right?""","1"
"right?\"")","1"
"right""","1"
"Right","6"
"rights","1"
"rigid","1"
"ring","1"
"riot","2"
"ripe","1"
"ripe)","8"
"rise","1"
"River","1"
"rivers","1"
"roamed","1"
"roar","2"
"roared","3"
"Robbing","1"
"rocks","1"
"Rolaraa","1"
"rolling","1"
"roof","1"
"roofs","1"
"room","4"
"rooster","1"
"Rotate","1"
"rótt","1"
"'round","1"
"route","1"
"rrrolerf","1"
"rules","1"
"rúm","1"
"run","1"
"rush","1"
"sá","1"
"Sá","1"
"Saaaa","1"
"sacred","1"
"sægræn","1"
"sæi","1"
"sæll","1"
"sæng","1"
"sæng[?]","1"
"safe","5"
"Safe","8"
"sagði","3"
"Sahara","2"
"sahkahhh","1"
"said","4"
"sail","1"
"sailing","1"
"saintly","1"
"Sál","1"
"salmon","1"
"salty","2"
"same","7"
"Same","1"
"samt","4"
"Sanctuary","1"
"sands","3"
"sane!","1"
"sang","2"
"sannleikan","1"
"sannleikann","1"
"Sarsen","1"
"satisfaction","2"
"satisfying","1"
"Saturn","1"
"Satúrnus","1"
"save","1"
"Save","1"
"saved","5"
"saw","1"
"say","20"
"say:","2"
"Say","1"
"saying","2"
"Saying","1"
"says","1"
"scaffolding","1"
"Scandinavian","1"
"SCANSCANSCAN","1"
"scare","16"
"Scared","1"
"scares","1"
"scary?","1"
"Scatterheart","1"
"scolanscolan","4"
"Scolanscolan","1"
"screen","1"
"sé","3"
"sea","4"
"seagulls","1"
"seal","1"
"searched","1"
"searching","1"
"seascape","1"
"second","1"
"secret","3"
"Secret","1"
"séð","1"
"see","35"
"see!","2"
"see!""","1"
"see""","1"
"See","3"
"SEEEEEoohEEEEEE","1"
"seeing","3"
"Seek","1"
"seem","3"
"seen","27"
"sees","4"
"sefur","1"
"Sefur","1"
"segir","4"
"Segue","1"
"seinn","3"
"sekkur","1"
"Self-sufficience","1"
"self-sufficiency","1"
"seli","1"
"Selma","1"
"sem","23"
"Sem","2"
"send","9"
"sending","1"
"Sending","2"
"sense","7"
"senses","5"
"Sensitivity?","1"
"sensuality","3"
"sensuality""","1"
"sent","1"
"sér","8"
"sér)","8"
"Sér","1"
"Serve","1"
"set","2"
"Set","1"
"sets","2"
"(sets","1"
"Seven","1"
"sex","2"
"sexual","1"
"shade","1"
"shake","1"
"Shake","3"
"shall","1"
"Shall","1"
"shame","1"
"shape","2"
"share","3"
"share!","1"
"share?","1"
"sharing","1"
"sharp","3"
"she","32"
"She","9"
"""She","1"
"(She","11"
"shelter","1"
"Shelter","1"
"she's:","1"
"She's","2"
"shimmering","1"
"shimmers","1"
"shine","2"
"ship","1"
"""*shipping","1"
"shit","1"
"Shizuka""","1"
"shoals","1"
"shocks?","1"
"shoes","1"
"Shoot","1"
"shooters","3"
"shooting","1"
"shore","1"
"shot","1"
"Shot","1"
"should","7"
"Should","2"
"shoulders","2"
"shoulders!","1"
"shouldn't","4"
"shout","1"
"shouting","1"
"show","6"
"Show","2"
"showed","1"
"Shower","2"
"showing","1"
"Shuffling","1"
"shut","2"
"Shuts","1"
"shy","1"
"siðan","1"
"síðasti","1"
"side","3"
"sight","1"
"Siglir","2"
"sign","1"
"signals","2"
"(signals)","1"
"sígurlaun","4"
"silence","3"
"silfurtitum","1"
"silhouette","1"
"silung","1"
"silver","1"
"simple","2"
"simplicity","4"
"simply","3"
"Simply","1"
"since","2"
"Since","3"
"sincere","1"
"Sincerely","1"
"sing","1"
"singing","1"
"singing]""","1"
"singletons","1"
"sings","6"
"sink","1"
"sinn","1"
"sins","1"
"sínum","1"
"
""[Siobhan","1"
"sit","1"
"Six","1"
"sjá","2"
"sjálfra","1"
"sjálfur","3"
"sjó","1"
"sjónum","1"
"skeleton","2"
"skeptics","1"
"skessum","1"
"skies","1"
"skii)","1"
"skilja","1"
"skin","1"
"Skin","2"
"skinning","1"
"skjálfa","1"
"skjóta","1"
"skóm","1"
"SKSKSKSKSKSKSsksksksksksk","1"
"skull","1"
"sky","10"
"skýjunum","1"
"slær","4"
"Slamming","1"
"slave","1"
"sleep","14"
"sleep""","1"
"sleephood","1"
"sleeping","2"
"sleeps","1"
"sleepy-head","1"
"sleepy-head:","1"
"Sleepy-head","1"
"slides","1"
"slightly","1"
"slippery","1"
"slit","2"
"slowly","5"
"Slowly","2"
"small","2"
"smell","3"
"smiled","1"
"Smittens","1"
"smooth","1"
"Smooth","1"
"snæs","1"
"snake","1"
"snakeskin","1"
"sneak","2"
"snow","2"
"so","47"
"So","26"
"soak","1"
"soft","2"
"Soft","1"
"softly","2"
"sögur","1"
"soil","1"
"sól","4"
"solace","1"
"sólin","1"
"Sólin","1"
"solitude","1"
"Solomon's","1"
"solved","2"
"solved?","1"
"some","10"
"somebody","1"
"someone","15"
"something","8"
"Something","1"
"sometimes","2"
"Sometimes","3"
"son","5"
"song","6"
"söng","2"
"söngleik","1"
"songs","1"
"songs?","1"
"""Söngtextar","1"
"
""Söngtextar","1"
"sons","1"
"soon","7"
"Soothe","1"
"sorrow","2"
"sorry","2"
"sosa","1"
"sought:","1"
"soul","4"
"souls","1"
"sound","2"
"sound!","2"
"sounds","2"
"Sounds","1"
"sources","1"
"south","1"
"southern","1"
"souvenir","1"
"space","4"
"spare","2"
"spark","2"
"Spark","2"
"sparkle","3"
"sparkles","1"
"sparkling","4"
"sparrows","1"
"speak","2"
"special","2"
"species","1"
"speed","1"
"speed!","1"
"spekingslegar","1"
"spell","1"
"Spending","1"
"spent","1"
"spine","5"
"spines","1"
"spins","5"
"spirit","2"
"Splattered","1"
"splendid","4"
"Split","1"
"spot","4"
"spratt","3"
"spring","3"
"sprung","3"
"squares","1"
"squeeze","2"
"sssh","9"
"Sssh","9"
"Sssh""","1"
"stack","1"
"stað","1"
"stækkað","1"
"stærsta","1"
"stagnant","1"
"stain","2"
"staircase","1"
"Stake","1"
"stamp","1"
"Stampede","1"
"stance","1"
"stand","1"
"Stand","4"
"star!","1"
"stare","2"
"staring","1"
"Starir","1"
"stars","2"
"start","3"
"Start","1"
"Starts","2"
"state","4"
"State","11"
"State?","1"
"station","1"
"statistics","1"
"stay","3"
"staying","2"
"stays","1"
"steal","1"
"steam","1"
"steam""","1"
"Steamroller!","1"
"steel","1"
"steeped","1"
"steinana","1"
"steinum","1"
"steps""","1"
"Sterkur","1"
"sticks","1"
"still","15"
"still:","4"
"Still","5"
"stillborn","1"
"stillt","1"
"stinga","1"
"Stingrays","1"
"stingy","1"
"stinnur","1"
"stóð","1"
"Stóðst","1"
"stokkum","1"
"stomach","1"
"stone","1"
"Stone","1"
"stones","2"
"stood","1"
"stop","4"
"stopping","1"
"stops","7"
"stór","3"
"stores","1"
"stories","1"
"straight","2"
"Straight","1"
"strange","1"
"strangers","1"
"stream","2"
"stream""","1"
"street","1"
"strengthen","1"
"strife","8"
"strikes","4"
"stroke","1"
"stroking","1"
"strong","9"
"strong""","1"
"Strong","1"
"strongest","2"
"struggle","9"
"struggling","1"
"stubborn","2"
"Stúlka","1"
"stúlkan","1"
"stunts","2"
"style","2"
"sublime","1"
"submarine","1"
"such","3"
"suck","1"
"sucking","1"
"sudden","1"
"suddenly","4"
"suður","1"
"sue","14"
"Sue","6"
"suffer","2"
"suffered","2"
"suffering","3"
"Suffocates","1"
"suggesting","1"
"Suggests","2"
"suicide","1"
"sumarfrí","1"
"summer","1"
"Summons","1"
"sun","9"
"sung","1"
"sungu","1"
"sungum","1"
"Sunlight","1"
"suns","1"
"support","1"
"supports","1"
"sure","1"
"surface","2"
"surprise","1"
"surprises","2"
"surrender","1"
"(surrender)","1"
"Surrender","3"
"surrounds","2"
"survivors","1"
"suspension","2"
"sussed","1"
"Sutras","1"
"svellinu","1"
"svo","8"
"Svo","2"
"svó","1"
"swallow","3"
"sweat","2"
"sweating","1"
"Sweating","1"
"sweep","2"
"sweet","4"
"Sweet","1"
"(Sweetly)","1"
"swell","1"
"swift","4"
"swimming","1"
"swing","1"
"swíng","1"
"(Swirling","8"
"swollen","1"
"sympathize","1"
"sýndi","1"
"syngur","5"
"syntu","1"
"table","3"
"Tabula","2"
"tail","4"
"taka","1"
"take","14"
"Take","1"
"taken","1"
"takes","4"
"taking","2"
"Takk","1"
"tala","3"
"Tale","1"
"tali","1"
"talk","3"
"talked","1"
"tame","1"
"tap","2"
"tape","4"
"target","1"
"tárvotum","1"
"taste","2"
"taugum","1"
"T-B","1"
"teach","1"
"tear","2"
"Tear","1"
"tears","3"
"Teases","1"
"teeth","5"
"tell","2"
"Telur","3"
"terrestrial","1"
"terribly","5"
"texting","1"
"than","33"
"Than","1"
"Thank","2"
"that","131"
"that?","2"
"That","26"
"(That","1"
"that's","1"
"the","412"
"The","91"
"(The","1"
"\""The","3"
"their","6"
"Their","4"
"them","33"
"them!","1"
"themselves","1"
"then","14"
"Then","17"
"there","42"
"There","11"
"THERE","1"
"there'll","1"
"There'll","1"
"there's","46"
"There's","23"
"thermal","1"
"these","11"
"These","5"
"they","19"
"They","23"
"they're","7"
"They're","1"
"They've","2"
"thighs","3"
"things","9"
"think","7"
"think?","4"
"thinking","1"
"thinner","1"
"thirst","1"
"this","64"
"this?","24"
"This","35"
"those","1"
"though","2"
"Though","1"
"thought","8"
"Thought","3"
"thoughts","1"
"thousand","1"
"thousandfold","1"
"thread","1"
"threading","1"
"Threading","1"
"threads","1"
"threat","1"
"three","4"
"thrill","4"
"thrive","1"
"throat","2"
"throats","1"
"through","25"
"Through","5"
"throw","3"
"throwing","1"
"thud","3"
"thump!","3"
"thumping","1"
"*thunderclap*""","1"
"thveim","1"
"tibble","1"
"Tide","2"
"tie","1"
"Tied","2"
"ties","1"
"tífælur","1"
"tight","4"
"tightly","2"
"til","5"
"'til","4"
"'Til","2"
"till","1"
"Till","1"
"tilt","1"
"Timber!","1"
"time","18"
"time:","2"
"time?","1"
"Time","1"
"Tími","1"
"tiniest","1"
"tip-toe","1"
"tired","1"
"to","370"
"To","63"
"(To","1"
"tock","2"
"Tock","1"
"today","1"
"Today","1"
"toe","4"
"Töff","1"
"töfrandi","1"
"töfrum","1"
"together","3"
"tók","4"
"told","3"
"töltu","1"
"tomorrow","1"
"tongue","2"
"tongues","1"
"tonight","9"
"too","20"
"too?","1"
"Too","4"
"took","6"
"tooth","2"
"Tooth","1"
"top","6"
"topless","1"
"torgin","1"
"tortures","1"
"total","1"
"totally","8"
"tötralegan","1"
"touch","5"
"touched","2"
"Touches","1"
"touching","1"
"Touching","1"
"towards","3"
"tower","1"
"Tower","1"
"town","2"
"town:","1"
"town's","1"
"toxic","1"
"Toxic","1"
"toxicity""","1"
"train","3"
"Train-whistles","1"
"trance?","1"
"Transformed","1"
"translation:","1"
"[Translations:","2"
"trapeze","2"
"trapped","1"
"Trapped","2"
"travel","3"
"tree","3"
"trees","1"
"tremble","1"
"trenches!","1"
"trespassing","1"
"trials","1"
"tribe","1"
"trickling","1"
"tricky","1"
"triumph","10"
"troubador","1"
"trouble","3"
"trouts","1"
"true","7"
"truly","1"
"trumpet","1"
"trunks","1"
"trust","6"
"Trust","1"
"truth","2"
"trútt","1"
"try","1"
"trying","5"
"tryllt","1"
"tumbled","1"
"tumour","1"
"tune","2"
"tungl","1"
"tungum","1"
"turmoil","1"
"Turmoil!","1"
"turn","6"
"turned","1"
"turtle","1"
"tuxedos","1"
"tveir","4"
"tvöfaldan","1"
"twigs","6"
"twilight","2"
"Twist","1"
"two","12"
"Two","1"
"ú","3"
"úfalda","1"
"úfaldann","2"
"Uhh-uhh","3"
"um","12"
"Um","2"
"Umm-a[?]","1"
"Úmm-a","1"
"Uncertainty","1"
"unclothed","1"
"undam","1"
"undarlegi","1"
"under","3"
"underneath","2"
"Underneath","2"
"understand","2"
"understand?","1"
"Understand","1"
"(undo)","2"
"Undo","8"
"undone","3"
"undresses","1"
"undusmátt","3"
"Unexplained","2"
"unfair","1"
"Unfathomable","1"
"Unfold","2"
"unfolds","1"
"union","1"
"Unison","2"
"Unison""","1"
"unite","7"
"united","1"
"unites","1"
"universe","1"
"unknown","3"
"Unless","1"
"Unravel""","1"
"unravels","2"
"Unsenononah","1"
"Unthinkable","1"
"untied","1"
"until","2"
"Until","6"
"unto","1"
"Untouchable","3"
"up","78"
"up:","2"
"up)","3"
"Up","9"
"uphill","8"
"upon","1"
"upp","5"
"uppá","1"
"upturned","2"
"upwards","1"
"úr","4"
"Uranus","1"
"Úranus","1"
"urban","2"
"Urban","1"
"us","21"
"use","5"
"used","2"
"using","1"
"Uss","2"
"ut","2"
"út","2"
"Utí","1"
"Utopia","2"
"Utter","3"
"uttering","1"
"Vacuum","1"
"værð","1"
"væri","1"
"vain?","1"
"Vakir","2"
"Valhalla","1"
"Valhöll","1"
"valleys","1"
"vappi","1"
"var","5"
"(Variation)]","1"
"vatn","1"
"Vatnajökul","1"
"Vatnajökul[?]","1"
"Vatnajökull","2"
"vatnið","1"
"veiði","1"
"veins","2"
"veist","6"
"veit","1"
"veitti","1"
"Veizt","2"
"Vekur","1"
"vel","5"
"velvety","1"
"veng","1"
"Venus","10"
"verð","1"
"vermsl","1"
"veröld","1"
"Verse","14"
"""[Verse","14"
"""[Verse]","1"
"[Verse","170"
"[Verse:","3"
"[Verse]","4"
"
""[Verse","41"
"
""[Verse:","1"
"
""[Verse]","7"
"version","4"
"vertebrae","6"
"Vertebrae","3"
"verum","1"
"very","3"
"vessel","1"
"Vessel","3"
"vessels","1"
"vet","3"
"vibrancy","1"
"victorious","4"
"við","17"
"Við","5"
"víðfeðman","1"
"view","2"
"vil","1"
"vill","5"
"Vill","2"
"vina","2"
"vinjum","1"
"Violently","13"
"virðist","1"
"virgins","1"
"[Vísa","5"
"visceral","1"
"viscous","1"
"vísindi","1"
"Visit","1"
"vissi","1"
"vita","2"
"vocalizing","1"
"vocalizing]","1"
"voice","2"
"voices","2"
"\""Vökuró\""","1"
"volcano","1"
"volgan","1"
"voltage","1"
"Volunteer","1"
"Vonin","1"
"voodoo","4"
"vor","2"
"vors","1"
"vulcan","1"
"vulnerable","2"
"vulnerable""","1"
"wa","4"
"waa","2"
"waaaa!!","1"
"wade","1"
"wait","2"
"waiting","4"
"wake","13"
"(wake","3"
"Waking","3"
"walk","8"
"walked","2"
"walking","4"
"walks","1"
"Wall?","1"
"walls","1"
"Wanderlust!","8"
"Wanderlust]""","1"
"wanders","1"
"wanna","1"
"want","32"
"Wanting","1"
"wants","9"
"warm","5"
"Warm","4"
"warmer","1"
"Warming","1"
"warms","1"
"warmth","7"
"warmthest","1"
"warmth-like","1"
"warrior","1"
"was","42"
"Was","7"
"Wash","1"
"washing:","1"
"wasn't","1"
"watch","1"
"Watch","1"
"watched","1"
"water","6"
"waterfalls","1"
"waters","1"
"wawawawa","1"
"way","13"
"Way","1"
"we","16"
"We","43"
"\""We","2"
"weave","1"
"Weave","2"
"Weaving","2"
"weay","1"
"web","1"
"we'd","1"
"WEEEEEEEEEEEEEEEE","1"
"weekend","1"
"well","4"
"Well","5"
"We'll","9"
"went","3"
"were","14"
"we're","5"
"Were","1"
"We're","4"
"wet","1"
"Wet","1"
"We've","1"
"whack","3"
"whale","3"
"whaling","1"
"what","26"
"what?","2"
"What","12"
"whatever","1"
"what's","6"
"What's","5"
"What’s","1"
"when","16"
"When","42"
"whenever","2"
"Whenever","1"
"where","14"
"Where","32"
"Where's","1"
"Whether","1"
"which","3"
"Which","2"
"while","2"
"While","6"
"whirl","1"
"whirlwind","4"
"whisper","1"
"Whisper","1"
"white","1"
"who","17"
"Who","30"
"whole","4"
"Whom","1"
"who's","2"
"why","6"
"why""","1"
"Why","2"
"wicked","1"
"wickermen","1"
"wide","3"
"widows","1"
"wife","1"
"will","37"
"Will","8"
"willow","1"
"wings","3"
"Winter","1"
"wise","1"
"wish","4"
"wish:","4"
"wished","2"
"wishes","1"
"wishful","1"
"with","86"
"With","30"
"without","4"
"Without","1"
"wolverine","1"
"women","1"
"Women","1"
"wonder","5"
"wonderful","1"
"Wonderful!","1"
"won't","14"
"Won't","1"
"word","3"
"wordless","1"
"words","4"
"work","1"
"world","11"
"worth","1"
"would","24"
"Would","3"
"wouldn't","3"
"wound","1"
"Wow","3"
"wrestling","1"
"wringer","1"
"writhing","1"
"wrong","1"
"wrong""","1"
"wrongs","1"
"WWW","2"
"x2]","3"
"(x3)","1"
"X-rays","1"
"Ya","2"
"yahhh","1"
"yarn","4"
"yeah","2"
"year","1"
"years","4"
"yehaaa","1"
"yell","1"
"Yes","3"
"yet","10"
"Yet","1"
"you","339"
"(you","2"
"you:","1"
"you!","10"
"you?","26"
"you?""","1"
"you""","6"
"you)","1"
"You","130"
"you'll","4"
"You'll","12"
"young","1"
"your","70"
"Your","24"
"you're","13"
"you’re","1"
"You're","19"
"yours","7"
"yourself","18"
"yourself""","1"
"yourselves","1"
"youth?","1"
"You've","8"
"Zing","6"
"þá","9"
"það","9"
"það?","1"
"Það","5"
"þær","1"
"Þákka","1"
"þangað","2"
"þann","1"
"þar","8"
"þarnfast","1"
"þau","2"
"þegar","9"
"Þegar","2"
"þeim","2"
"þeir","6"
"þér","3"
"þessum","1"
"þig","5"
"þig""","1"
"þín","8"
"þinn","1"
"þínn","1"
"þínum","3"
"þitt","2"
"þó","1"
"þola","1"
"þorsta","1"
"þræla","1"
"þraukar","3"
"þrautir","1"
"þrír","4"
"þu?","2"
"þú","6"
"þú?","2"
"Þú","9"
"þurftum","2"
"þúsund","1"
"þvi","1"
"því","2"
"þvo","1"
"þý","1"
